Id;Nom;Numero;Localisation;Ville;Commune;Quartier;Position
1;Pharmacie Adjamé Bracodi ;20 37 54 33 ;Adjamé Bracodi Bar ;Abidjan;Adjamé;Adjamé Centre;1.2323, 3.34542
2;Pharmacie Adjamé Latin ;20 37 22 39 ;A côté du marché de l'Habitat ;Abidjan;Adjamé;Adjamé Centre;5.35934145,4.0141525
3;Pharmacie de la Mairie ;20 37 99 99 ;A côté de la Mairie de Adjamé ;Abidjan;Adjamé;Adjamé Centre;5.3433045,4.0260984
4;Pharmacie de l'Espoir ;07 88 65 75 ;Prolongement EDIPRESSE, IMST face Cité de l'enfance ;Abidjan;Adjamé;Adjamé Centre;5.348975,4.0193333
5;Pharmacie du Château d'eau ;20 37 11 68 ;Avenue William JACOB, non loin de la SODECI ;Abidjan;Adjamé;Adjamé Centre;5.3833748,4.00514555
6;Pharmacie du Forum ;20 38 13 64 ;A l'intérieur du Forum des marchés ;Abidjan;Adjamé;Adjamé Centre;5.3448639,4.02644
7;Pharmacie du Marché d'Adjamé ;40 56 20 87 ;Près du Forum des marché, face à l'agence Ecobank ;Abidjan;Adjamé;Adjamé Centre;5.3446162,4.0267519
8;Pharmacie du Marché Gouro ;20 39 03 03 ;Près du marché Gouro, voisin Banque Atlantique ;Abidjan;Adjamé;Adjamé Centre;5.34673975,4.0219698
9;Pharmacie Gbede ;20 37 71 58 ;Bd Nangui Abrogoua, près du Grand Marché ;Abidjan;Adjamé;Adjamé Centre;5.3475073,4.025588
10;Pharmacie Kana ;20 37 96 49 ;Adjamé Extension ;Abidjan;Adjamé;Adjamé Centre;5.3575712,4.0221736
11;Pharmacie Koro ;07 81 47 18 ;Adjamé, à côté Collège Monterland ;Abidjan;Adjamé;Adjamé Centre;5.3525827,4.020465
12;Pharmacie Quartier Ebrié ;20 37 12 56 ;Feu Renault, face Gare STIF Adjamé ;Abidjan;Adjamé;Adjamé Centre;5.3552342,4.0207376
13;Pharmacie Reboul ;20 37 99 98 ;Av. Reboul, sur la montée des pompiers ;Abidjan;Adjamé;Adjamé Centre;5.3419099,4.0229595
14;Pharmacie Roeddent ;20 37 98 33 ;Face au Centre Anti Tuberculeux ;Abidjan;Adjamé;Adjamé Centre;5.37086195,4.0119961
15;Pharmacie Saint Emmanuel ;20 37 98 27 ;Face à la Tour Mirador ;Abidjan;Adjamé;Adjamé Centre;5.3571952,4.0258206
16;Pharmacie Saint Michel ;20 37 09 06 ;Près de la Paroisse Saint Miche ;Abidjan;Adjamé;Adjamé Centre;5.34753305,4.02271725
17;Pharmacie Sainte Marie d'Adjamé ;05 08 76 77 ;Rue Harris, près du Commissariat du 3è arr. ;Abidjan;Adjamé;Adjamé Centre;5.3466486,4.024677
18;Pharmacie Sarah ;20 39 03 57 ;Centre commercial Karine 'N couture, derrière Liberté ;Abidjan;Adjamé;Adjamé Centre;5.3570322,4.0156313
19;Pharmacie Seneve ;20 37 11 04 ;Près de la gare UTB ;Abidjan;Adjamé;Adjamé Centre;5.3509409,4.0209423
20;Pharmacie Le Bélier ;20 37 12 16 ;220 logements, face au Grand bloc ;Abidjan;Adjamé;Adjamé 220 logements;5.3504596,4.017123
21;Pharmacie Makissi ;20 37 70 39 ;Derrière le Cinéma Liberté ;Abidjan;Adjamé;Adjamé 220 logements;5.3537534,4.0163331
22;Pharmacie nouvelle des 220 logements ;20 37 58 26 ;Carrefour Liberté, face station TEXACO ;Abidjan;Adjamé;Adjamé 220 logements;5.3542017,4.0182022
23;Pharmacie du Progrès ;20 37 15 25 ;Williamsville, juste avant le commissariat ;Abidjan;Adjamé;Adjamé Williamsville ;5.3671875,4.0215681
24;Pharmacie Rapha ;20 37 96 88 ;Williamsville, face Boulangerie BMW ;Abidjan;Adjamé;Adjamé Williamsville ;5.3720814,4.0266039
25;Pharmacie Saint Uriel ;20 37 23 75 ;Montée Païer, derrière cimetière Williamsville ;Abidjan;Abobo Gare;Zone Dokui et Abobo Té ;5.3718857,4.0122458
26;Pharmacie Actuelle ;01 22 20 32 ;Face FSU Com Abobo Té, 200m Collège Victor Loba'D ;Abidjan;Abobo Gare;Zone Dokui et Abobo Té ;5.4265322,4.0222091
27;Pharmacie du petit marché de Dokui ;08 14 14 66 ;Face au petit marché de Dokui ;Abidjan;Abobo Gare;Zone Dokui et Abobo Té ;5.3956335,3.9999267
28;Pharmacie La Paix ;24 39 83 31 ;Abobo Cocoteraie, derrière Pharmacie du Dokui ;Abidjan;Abobo Gare;Zone Dokui et Abobo Té ;5.38091965,4.02060295
29;Pharmacie Les 4 saisons ;21 01 11 10 ;Dokui extension, voie SODECI-Lycée Adama Sanogo ;Abidjan;Abobo Gare;Zone Dokui et Abobo Té ;5.4040088,4.0008089
30;Pharmacie Manzan ;24 39 14 96 ;Carrefour SAMAKE ;Abidjan;Abobo Gare;Zone Dokui et Abobo Té ;5.4150129,4.0070261
31;Pharmacie Nouvelle principale de Abobo Te ;47 59 28 87 ;A droite, carrefour Clinique Centrale de Abobo ;Abidjan;Abobo Gare;Zone Dokui et Abobo Té ;5.4107694,4.0010051
32;Pharmacie Sainte Odile ;24 39 29 97 ;Allocodrome du Dokui ;Abidjan;Abobo Gare;Zone Dokui et Abobo Té ;5.3963538,4.0039696
33;Pharmacie de Abobo Baoulé ;24 48 27 54 ;Face Commisariat du 34è arr. sur Route de Alépé ;Abidjan;Abobo Gare;Zone Abobo Baoulé et Belle ville ;5.4257191,4.02408565
34;Pharmacie Abobo Belle Ville ;24 39 91 96 ;Route d'Alépé, terminus Woro Woro ;Abidjan;Abobo Gare;Zone Abobo Baoulé et Belle ville ;5.42392745,4.0066224
35;Pharmacie Carrefour Diallo ;40 30 24 31 ;Abobo PK 18, Carrefour Diallo ;Abidjan;Abobo Gare;Zone N'Dotrè et PK18 ;5.4409284,4.0597748
36;Pharmacie Olympique ;07 89 99 44 ;N'Dotré, à 300m du carrefour allant à Yopougon ;Abidjan;Abobo Gare;Zone N'Dotrè et PK19;5.439014,4.0682827
37;Pharmacie Saint Alexandre ;02 02 48 06 ;PK18 AKA Anghui SICOGI ;Abidjan;Abobo Gare;Zone N'Dotrè et PK20;5.45038,4.0492217
38;Pharmacie Saint Sauveur ;24 48 47 41 ;Quartier Kennedy Klouetcha, près du marché ;Abidjan;Abobo Gare;Zone Kenedy et Klouetcha ;5.3739411,4.0016242
39;Pharmacie Kann'sy ;24 39 12 51 ;Quartier Kennedy Face mosquée ;Abidjan;Abobo Gare;Zone Kenedy et Klouetcha ;5.4189184,4.0054848
40;Pharmacie Tsacoé ;24 39 15 02 ;Abobo Autoroute, face Mairie ;Abidjan;Abobo Gare;Aux abords de l'autoroute ;5.4247916,4.0207325
41;Pharmacie de la Me ;24 39 01 18 ;Sur la grande voie, après Carrefour Mairie ;Abidjan;Abobo Gare;Aux abords de l'autoroute ;5.42219515,4.02164925
42;Pharmacie de l'Etoile ;24 39 11 54 ;Carrefour de l'Etoile, face gendarmerie ;Abidjan;Abobo Gare;Aux abords de l'autoroute ;5.4269399,4.0198427
43;Pharmacie la Providence ;24 49 39 62 ;Autoroute Abobo-Adjamé, après 1er arrêt SOTRA ;Abidjan;Abobo Gare;Aux abords de l'autoroute ;5.4139807,4.0157916
44;Pharmacie Abobo Sogephia ;24 39 00 51 ;Abobo Sogephia, derrière la Cité U ;Abidjan;Abobo Gare;Zone derrière la Maire, Avocatier et Akeikoi ;5.4300355,4.0169387
45;Pharmacie Amina ;24 39 95 65 ;Abobo avocatier, près maternité HKB ;Abidjan;Abobo Gare;Zone derrière la Maire, Avocatier et Akeikoi ;5.4399212,4.0227322
46;Pharmacie Avocatier Marché ;24 49 70 19 ;Carrefour Château, à côté du marché Avocatier ;Abidjan;Abobo Gare;Zone derrière la Maire, Avocatier et Akeikoi ;5.43872615,4.0320784
47;Pharmacie Belle-Cité ;24 48 31 52 ;Abobo Belle Cité ;Abidjan;Abobo Gare;Zone derrière la Maire, Avocatier et Akeikoi ;5.4463632,4.020632
48;Pharmacie de la Cité ;24 39 03 33 ;Dans le marché, face à la Cité U ;Abidjan;Abobo Gare;Zone derrière la Maire, Avocatier et Akeikoi ;5.4345909,4.0269786
49;Pharmacie de la plaque II ;24 48 09 90 ;Abobo Sogephia, Cité des cadres, rue Plaque II ;Abidjan;Abobo Gare;Zone derrière la Maire, Avocatier et Akeikoi ;5.4370248,4.006031
50;Pharmacie des Quatre étages ;24 39 06 62 ;Abobo 4 étages, carrefour Hôpital général ;Abidjan;Abobo Gare;Zone derrière la Maire, Avocatier et Akeikoi ;5.4266098,4.0169387
51;Pharmacie Divine Espérane ;24 39 78 92 ;Abobo Sagbè, après les rails ;Abidjan;Abobo Gare;Zone derrière la Maire, Avocatier et Akeikoi ;5.424369,4.0240904
52;Pharmacie Magnificat ;24 39 51 67 ;Abobo avocatier, facte Petro Ivoire ;Abidjan;Abobo Gare;Zone derrière la Maire, Avocatier et Akeikoi ;5.4370789,4.0307
53;Pharmacie Matene ;24 39 20 32 ;Abobo avocatier, à 400m de la clinique Etoile ;Abidjan;Abobo Gare;Zone derrière la Maire, Avocatier et Akeikoi ;5.4381309,4.0205787
54;Pharmacie Nouvelle Miria ;21 01 57 38 ;Carrefour Tailly, sur Axe Carrefour Samaké - Mairie d'Abobo ;Abidjan;Abobo Gare;Zone derrière la Maire, Avocatier et Akeikoi ;5.4174603,4.0119589
55;Pharmacie Saint François Xavier ;24 39 85 02 ;Virage du 15è arrondissement de Abobo Gare ;Abidjan;Abobo Gare;Zone derrière la Maire, Avocatier et Akeikoi ;5.4327562,4.0148319
56;Pharmacie Sainte Croix ;24 39 36 73 ;Juste derrière Polyclinique Les Etoiles ;Abidjan;Abobo Gare;Zone derrière la Maire, Avocatier et Akeikoi ;5.4340723,4.0203862
57;Pharmacie Tima ;24 39 10 28 ;Grand marché, sur alignement BIAO ;Abidjan;Abobo Gare;Zone derrière la Maire, Avocatier et Akeikoi ;5.4275938,4.015267
58;Pharmacie Yarapha ;24 49 12 63 ;Carrefour AKEKOI ;Abidjan;Abobo Gare;Zone derrière la Maire, Avocatier et Akeikoi ;5.4383809,4.0134096
59;Pharmacie de la Bagoe ;21 28 64 14 ;Koumassi Remblais ligne 11, face Clinique Liring ;Abidjan;Koumassi;Koumassi Remblais ;5.3947105,4.0087348
60;Pharmacie des Sables ;21 28 84 17 ;Près de la cité SIR ;Abidjan;Koumassi;Koumassi Remblais ;5.3026157,3.9687928
61;Pharmacie du Canal ;21 36 27 48 ;Koumassi Remblais Dominique ;Abidjan;Koumassi;Koumassi Remblais ;5.3005479,3.9686485
62;Pharmacie du Marais ;21 36 06 99 ;Près de la Cité SIR, Quartier Divo ;Abidjan;Koumassi;Koumassi Remblais ;5.3012873,3.9575285
63;Pharmacie Inch - Allah ;21 36 47 01 ;Près du Groupe scolaire Entente ;Abidjan;Koumassi;Koumassi Remblais ;5.3011584,3.963106
64;Pharmacie Iroko ;21 56 43 53 ;Remblais, ligne du bus 32 ;Abidjan;Koumassi;Koumassi Remblais ;5.2944606,3.96411
65;Pharmacie Kahyra ;21 28 61 94 ;Bd du Cameroun, à côté Station Texaco ;Abidjan;Koumassi;Koumassi Remblais ;5.2963095,3.9676002
66;Pharmacie Sainte Agathe ;21 56 51 88 ;Koumassi Remblais, après LE Millenium ;Abidjan;Koumassi;Koumassi Remblais ;5.3022134,3.9663756
67;Pharmacie Beniabé ;21 28 95 25 ;Koumassi, terminus du Bus 13 ;Abidjan;Koumassi;Koumassi Centre ;5.2946495,3.9619692
68;Pharmacie Béthanie ;21 36 62 83 ;Koumassi Bia Sud SICOGI, route camp commando ;Abidjan;Koumassi;Koumassi Centre ;5.28470065,3.9591605
69;Pharmacie de Koumassi ;21 36 19 85 ;Grand carrefour de Koumassi, face au Grand Marche ;Abidjan;Koumassi;Koumassi Centre ;5.2882857,3.9688549
70;Pharmacie de la Sainte Face ;21 36 22 51 ;à drte Collège Ajavon, sur route SICOGI 3è tranche ;Abidjan;Koumassi;Koumassi Centre ;5.29825305,3.9565139
71;Pharmacie de la Sopim ;21 36 69 32 ;Koumassi Prodomo, derrière Terminus du 11 ;Abidjan;Koumassi;Koumassi Centre ;5.3022716,3.9496706
72;Pharmacie du Soleil ;21 36 05 98 ;Carrefour Bd du Gabon/Rue marché Koumassi ;Abidjan;Koumassi;Koumassi Centre ;5.2928043,3.9699993
73;Pharmacie Fanny ;21 36 09 07 ;Carrefour des bus 32 et 05 ;Abidjan;Koumassi;Koumassi Centre ;5.3102386,3.9477309
74;Pharmacie Galilée ;21 28 81 20 ;Kouassi Sicogi 1, face Direction CIE, près Camp Commando ;Abidjan;Koumassi;Koumassi Centre ;5.2829705,3.9677338
75;Pharmacie M'Pike ;21 36 25 75 ;Derrière la Mairie de Koumasi ;Abidjan;Koumassi;Koumassi Centre ;5.2902724,3.9685348
76;Pharmacie Nouvelle du Boulevard VGE ;21 24 37 00 ;Grand carrefour Koumassi, près de Chronopost ;Abidjan;Koumassi;Koumassi Centre ;5.2885337,3.9715737
77;Pharmacie Regina ;21 36 68 65 ;Quartier Sogephia ;Abidjan;Koumassi;Koumassi Centre ;5.2984392,3.9495214
78;Pharmacie Saint François ;;Bd du Gabon, près du Grand marché ;Abidjan;Koumassi;Koumassi Centre ;5.2951322,3.9599252
79;Pharmacie Saint Georges ;21 36 03 75 ;Près du camp Commando de Koumassi ;Abidjan;Koumassi;Koumassi Centre ;5.2835388,3.9631591
80;Pharmacie Saint Louis ;21 36 04 15 ;Koumassi, Bd du Cameroun ;Abidjan;Koumassi;Koumassi Centre ;5.2979557,3.9597313
81;Pharmacie Saint Lucien ;21 28 84 80 ;Kouamssi Sicogi, face Ateliers centraux de la SOTRA ;Abidjan;Koumassi;Koumassi Prodomo ;5.2858866,3.9541898
82;Pharmacie Saint Sauveur ;21 36 69 93 ;Koumassi, Bd du Gabon ;Abidjan;Koumassi;Koumassi Prodomo ;5.2975022,3.9540267
83;Pharmacie du Campement ;21 38 18 91 ;Koumassi, carrefour campement ;Abidjan;Koumassi;Koumassi Prodomo ;5.3045209,3.9451271
84;Pharmacie Prodomo ;21 28 83 43 ;2è feu après place Inch'allah et Pangolins. ;Abidjan;Koumassi;Koumassi Prodomo ;5.2990813,3.9530822
85;Pharmacie Regina ;21 36 68 65 ;Koumassi Sogephia ;Abidjan;Koumassi;Koumassi Prodomo ;5.2984392,3.9495214
86;Pharmacie Saint Paul ;21 36 19 28 ;Koumassi Aklomiabla , non loin Terminus 32 ;Abidjan;Koumassi;Koumassi Prodomo ;5.3100813,3.9504547
87;Pharmacie Sainte Foi ;21 56 17 40 ;Terminus 05, en face du Lycée municipal ;Abidjan;Koumassi;Koumassi Prodomo ;5.3129673,3.9441981
88;Pharmacie Cyrille ;21 25 95 28 ;Biétry, Carrefour Bd de Marseille - VGE ;Abidjan;Koumassi;Koumassi Biétry ;5.3004202,3.95406435
89;Pharmacie de la Paix ;21 26 30 19 ;Marcory Résidentiel, face SIB et Station Corlay ;Abidjan;Marcory;Marcory Centre ;5.3089506,3.9913692
90;Pharmacie de la Vie ;21 28 18 68 ;Résidentiel, Bd Achalme après la SIB ;Abidjan;Marcory;Marcory Centre ;5.3136728,3.9928926
91;Pharmacie de l'Amitié ;21 26 85 06 ;Carrefour du Nouveau marché de Marcory ;Abidjan;Marcory;Marcory Centre ;5.3008597,3.9767822
92;Pharmacie de l'INJS ;21 28 10 10 ;Face à l'entrée principale de l'INJS ;Abidjan;Marcory;Marcory Centre ;5.3059609,3.9796146
93;Pharmacie des Lagunes ;21 26 12 40 ;Marcory résidentiel, rue de la Paix ;Abidjan;Marcory;Marcory Centre ;5.3075302,3.9946074
94;Pharmacie du petit Marché ;21 26 24 32 ;Petit marché, Carrefour du maquis Vatican ;Abidjan;Marcory;Marcory Centre ;5.3023956,3.9850845
95;Pharmacie Ebathe ;21 56 77 15 ;Dans le prolongement de l'hotel Massarana ;Abidjan;Marcory;Marcory Centre ;5.3030894,3.9827156
96;Pharmacie Grand marché de Marcory ;21 56 90 96 ;Face au Grand marché de Marcory ;Abidjan;Marcory;Marcory Centre ;5.3000067,3.9745646
97;Pharmacie Massarana ;21 28 35 43 ;Proche de l'Hotel Massarana ;Abidjan;Marcory;Marcory Centre ;5.2992977,3.9848471
98;Pharmacie Méridien ;21 28 27 00 ;Bd du Cameroun, Marcory GFCI ;Abidjan;Marcory;Marcory Centre ;5.3028868,3.9797966
99;Pharmacie Nouvelle PTT ;21 26 98 83 ;Face Entrée de l'école Lamartine ;Abidjan;Marcory;Marcory Centre ;5.3084591,3.9895527
100;Pharmacie LeÏla ;21 26 72 94 ;Marcory Alliodan ;Abidjan;Marcory;Marcory Alliodan ;5.3117005,3.9655704
101;Pharmacie les Remblais ;21 26 25 40 ;Marcory Alliodan, face au Commissariat du 26è ;Abidjan;Marcory;Marcory Alliodan ;5.3067546,3.9636167
102;Pharmacie Boulevard de Marseille ;21 25 76 25 ;Station Shell, Bd de Marseille, face à la LONACI ;Abidjan;Marcory;Marcory Zone 4 ;5.2937191,3.9886976
103;Pharmacie Canaan ;21 25 96 76 ;36, rue Paul Langevin ;Abidjan;Marcory;Marcory Zone 4 ;5.30599555,3.98207795
104;Pharmacie Carrefour ;21 35 29 70 ;Grand carrefour de Marcory, face BICICI ;Abidjan;Marcory;Marcory Zone 4 ;5.299746,3.9895375
105;Pharmacie de la Galerie ;21 24 28 41 ;Galerie CAP SUD ;Abidjan;Marcory;Marcory Zone 4 ;5.2976144,3.9861868
106;Pharmacie de la zone 3 ;21 35 13 15 ;Carrefour de Patisserie abidjanaise ;Abidjan;Marcory;Marcory Zone 4 ;5.2951019,3.9873485
107;Pharmacie Elite ;21 35 11 19 ;Bd VGE près de DHL ;Abidjan;Marcory;Marcory Zone 4 ;5.2939728,3.9784797
108;Pharmacie Lanvia ;21 21 24 00 ;Rue Pierre Marie Curie, à 100m Star Auto ;Abidjan;Marcory;Marcory Zone 4 ;5.286997,3.9825787
109;Pharmacie Notre Dame d'Afrique ;21 25 25 26 ;Face Collège Notre Dame d'Afrique ;Abidjan;Marcory;Marcory Zone 4 ;5.273189,3.9759522
110;Pharmacie Perusia ;21 35 78 86 ;Zone 4C, rue du canal ;Abidjan;Marcory;Marcory Zone 4 ;5.2806257,3.9767719
111;Pharmacie Sainte Marie Majeure ;21 25 54 07 ;Biétry, rue du Canal, face Immeuble Les Elfes ;Abidjan;Marcory;Marcory Zone 4 ;5.2772431,3.971446
112;Pharmacie Alpha 16 ;21 25 88 80 ;Avenue 16, près de Treichotel ;Abidjan;Treichville;Treichville Centre ;5.3045281,4.0090642
113;Pharmacie Avenue 21 ;21 24 83 46 ;Avenue 21, Ecole régionale ;Abidjan;Treichville;Treichville Centre ;5.3047786,4.0015367
114;Pharmacie de la Bourse ;21 25 01 28 ;Avenue 2, rue 20 barrée ;Abidjan;Treichville;Treichville Centre ;5.28728795,3.98890495
115;Pharmacie de la Caserne ;21 25 45 83 ;Face Marché Portable Palais des sports ;Abidjan;Treichville;Treichville Centre ;5.2998863,4.0069811
116;Pharmacie de l'Entente ;21 25 26 95 ;Avenue 21, près de l'église Notre Dame ;Abidjan;Treichville;Treichville Centre ;5.3047036,4.001595
117;Pharmacie des Trois Mosquées ;21 24 21 96 ;Au Rond point, avenue 8, rue 12 ;Abidjan;Treichville;Treichville Centre ;5.3085463,4.0079009
118;Pharmacie Flora ;21 24 05 91 ;Avenue 8, près du commissariat du 2è arrondissement ;Abidjan;Treichville;Treichville Centre ;5.3065783,4.0144091
119;Pharmacie France Afrique ;21 24 18 19 ;Avenue 2, face station Mobil ;Abidjan;Treichville;Treichville Centre ;5.3086336,4.0160132
120;Pharmacie Mairie de Treichville ;21 24 45 87 ;Avenue 1, face Mairie de Treichville ;Abidjan;Treichville;Treichville Centre ;5.3101294,4.0130514
121;Pharmacie Myriam de Biaffra ;21 35 76 84 ;Quartier Biaffra ;Abidjan;Treichville;Treichville Centre ;5.3129783,4.0062622
122;Pharmacie Nouvelle ;21 35 38 79 ;Rue 12, Avenue 14 ;Abidjan;Treichville;Treichville Centre ;5.30394675,4.00894395
123;Pharmacie Nouvelle Nanan Yamousso ;21 24 64 21 ;Rue 38, face Imm. Nanan Yamousso ;Abidjan;Treichville;Treichville Centre ;5.3051672,4.0029487
124;Pharmacie Rue 12 ;21 24 53 91 ;Rue 12, Avenue 12 ;Abidjan;Treichville;Treichville Centre ;5.2991436,4.0094972
125;Pharmacie des Quais ;21 24 04 94 ;Face aux Grands Moulins d'Abidjan ;Abidjan;Treichville;Zone du port ;5.3062543,4.0215165
126;Pharmacie du Port ;21 25 21 29 ;A l'entrée du port de pêche ;Abidjan;Treichville;Zone du port ;5.2889841,4.008558
127;Pharmacie des Brasseurs ;21 25 31 51 ;Carrefour du CHU de Treichville ;Abidjan;Treichville;Zone SITARAIL et zone 2 ;5.2955118,4.0028865
128;Pharmacie du Cheminot ;21 24 09 45 ;Quartier France Amérique ;Abidjan;Treichville;Zone SITARAIL et zone 2 ;5.3011138,4.0117197
129;Pharmacie du Palais des Sports ;21 24 02 14 ;Bd de Marseille, face Hotel Dieu ;Abidjan;Treichville;Zone SITARAIL et zone 2 ;5.297772,4.008455
130;Pharmacie du Rond Point ;21 35 73 03 ;Carrefour du CHU de Treichville ;Abidjan;Treichville;Zone SITARAIL et zone 2 ;5.2943464,4.0024738
131;Pharmacie Imann ;21 25 13 14 ;Bd de Marseille, entre Bernabé et Sari Peugeot ;Abidjan;Treichville;Zone SITARAIL et zone 2 ;5.2925983,3.9975771
132;Pharmacie Les Archanges ;21 35 87 66 ;Derrière le Palais des sports ;Abidjan;Treichville;Zone SITARAIL et zone 2 ;5.2961267,4.0058215
133;Pharmacie Mégane ;21 25 35 57 ;Face à Sococé Treichville ;Abidjan;Treichville;Zone SITARAIL et zone 2 ;5.2966027,4.0004183
134;Pharmacie Belleville ;21 25 09 32 ;Quartier Belleville, face maquis Notre Dame ;Abidjan;Treichville;Zone Arras et Belleville ;5.3025763,3.9985443
135;Pharmacie d'Arras ;21 24 13 29 ;Quartier Arras sur la rue 38 ;Abidjan;Treichville;Zone Arras et Belleville ;5.3003026,4.0028655
136;Pharmacie Sainte Adèle ;21 25 47 00 ;Treichville, marché Belleville ;Abidjan;Treichville;Zone Arras et Belleville ;5.3039488,3.9961224
137;Pharmacie Sainte Jeanne ;21 24 57 41 ;Marché de Belleville, Avenue 21 ;Abidjan;Treichville;Zone Arras et Belleville ;5.3057488,3.9980867
138;Pharmacie Aniaman ;20 32 12 29 ;Montée entre BRVM et Immeuble de la BAD ;Abidjan;Plateau;Centre du Plateau ;5.3201634,4.0166923
139;Pharmacie Avenue Chardy ;07 75 57 26 ;Avenue Chardy, près de la station SHELL ;Abidjan;Plateau;Centre du Plateau ;5.3235835,4.0172035
140;Pharmacie Centrale Ollo ;20 21 47 05 ;Carrefour BICICI France Optique ;Abidjan;Plateau;Centre du Plateau ;5.3220633,4.0178891
141;Pharmacie Chardy ;20 21 66 01 ;Bd CHARDY, près du Cinéma Le PARIS ;Abidjan;Plateau;Centre du Plateau ;5.3235835,4.0172035
142;Pharmacie Chicaya ;20 21 33 40 ;Centre commercial Nour Al Hayat ;Abidjan;Plateau;Centre du Plateau ;5.3231822,4.0183233
143;Pharmacie des Ambassades ;20 22 69 00 ;Face à l'Ambassade de France ;Abidjan;Plateau;Centre du Plateau ;5.3264242,4.0184929
144;Pharmacie des Finances ;20 30 39 50 ;Cité financière à côté du siège de SITARAIL ;Abidjan;Plateau;Centre du Plateau ;5.3260499,4.0204155
145;Pharmacie Elysées ;20 21 31 97 ;Face Nouvelle Mosquée du plateau ;Abidjan;Plateau;Centre du Plateau ;5.3219118,4.0362109
146;Pharmacie Les Studios ;20 21 95 95 ;Galerie du Parc, entréé Ancien Cinéma Les Studios ;Abidjan;Plateau;Centre du Plateau ;5.3544723,4.01069525
147;Pharmacie Niacadié ;20 21 70 68 ;Face à l'ancien marché du plateau ;Abidjan;Plateau;Centre du Plateau ;5.3221474,4.0188074
148;Pharmacie Boulevard Carde ;20 21 01 08 ;Bd Carde, Face au Cercle du Rail ;Abidjan;Plateau;Centre du Plateau ;5.3323565,4.02378995
149;Pharmacie de l' Indénié ;20 21 17 90 ;A côté de la SGBCI, face à la cité policière ;Abidjan;Plateau;Centre du Plateau ;5.3385426,4.0234134
150;Pharmacie des Tours ;20 21 93 02 ;Immeuble CCIA, face Clinique Le Manguier ;Abidjan;Plateau;Centre du Plateau ;5.34571765,4.0108776
151;Pharmacie du Lonchamp ;20 22 43 62 ;Immeuble Longchamp ;Abidjan;Plateau;Centre du Plateau ;5.3254299,4.0225112
152;Pharmacie du Palais de Justice ;20 21 95 64 ;Face au Palais de justice ;Abidjan;Plateau;Centre du Plateau ;5.3310406,4.0207064
153;Pharmacie Harmonies ;20 22 04 92 ;Bd Carde, face imm. Les Harmonies ;Abidjan;Plateau;Centre du Plateau ;5.3304138,4.0240118
154;Pharmacie Bel'Fam ;20 33 03 30 ;Face au siège de MTN, Imm. Des Cours Castaing ;Abidjan;Plateau;Zone Rue du Commerce ;5.3430132,4.0108776
155;Pharmacie du Commerce ;20 32 12 12 ;Rue du commerce, Imm. L'Ebrien ;Abidjan;Plateau;Zone Rue du Commerce ;5.3176557,4.0144485
156;Pharmacie du Mémorial ;20 32 36 90 ;IMM. SIGNAL, au dessus Sureté nationale ;Abidjan;Plateau;Zone Rue du Commerce ;5.3187484,4.0192446
157;Pharmacie Le Trèfle ;20 22 88 02 ;Avenue Noguès, entrée Gare Sud ;Abidjan;Plateau;Zone Rue du Commerce ;5.317584,4.0166332
158;Pharmacie Moderne Mazuet ;20 32 96 64 ;Rue du commerce, face Bar des sports ;Abidjan;Plateau;Zone Rue du Commerce ;5.3154868,4.0172199
159;Pharmacie nouvelle Avenue Noguès ;07 22 23 54 ;Avenue Noguès, Face à la BSIC ;Abidjan;Plateau;Zone Rue du Commerce ;5.3164823,4.0180403
160;Pharmacie Place de la République ;20 21 57 78 ;Face à l'immeuble AXA ;Abidjan;Plateau;Zone Rue du Commerce ;5.3174541,4.0179789
161;Pharmacie Terminus ;20 32 17 15 ;Face au Terminus gare SOTRA Bd Lagunaire ;Abidjan;Plateau;Zone Rue du Commerce ;5.3555715,4.01243245
162;Pharmacie Zahara ;05 97 18 33 ;Rue du commerce, face Galeries Peyrissac ;Abidjan;Plateau;Zone Rue du Commerce ;5.3154868,4.0172199
163;Pharmacie Boulevard de France ;22 44 74 08 ;Bd de France, Grand marché de Cocody ;Abidjan;Cocody;COCODY CENTRE ;5.33527485,3.99995735
164;Pharmacie de Blockhauss ;22 48 68 91 ;Quartier Blockhauss ;Abidjan;Cocody;COCODY CENTRE ;5.35420165,3.9840086
165;Pharmacie de Cocody ;22 44 24 95 ;Petit marché de Cocody ;Abidjan;Cocody;COCODY CENTRE ;5.362123,3.98841555
166;Pharmacie de la Cité ;22 44 63 68 ;Cocody Danga, près de la Cité Rouge ;Abidjan;Cocody;COCODY CENTRE ;5.3371629,4.0051521
167;Pharmacie des Arts ;22 44 95 67 ;Centre commercial de la Cité des arts ;Abidjan;Cocody;COCODY CENTRE ;5.3441275,3.99924
168;Pharmacie Les 7 colonnes ;22 44 02 96 ;BD Latrille Face SODEMI ;Abidjan;Cocody;COCODY CENTRE ;5.3446071,4.0026363
169;Pharmacie Les Mimosas ;22 44 32 28 ;Bd Mitterand, face à la SODEFOR ;Abidjan;Cocody;COCODY CENTRE ;5.3487712,3.9995676
170;Pharmacie Notre Dame de la Piété ;22 44 27 99 ;Val Doyen, face PMI de Cocody ;Abidjan;Cocody;COCODY CENTRE ;5.3337015,4.0002219
171;Pharmacie Saint Dominique ;22 48 79 89 ;A l'angle Collège Mermoz et CNRA ;Abidjan;Cocody;COCODY CENTRE ;5.37504185,3.9725169
172;Pharmacie Saint François de Danga ;22 48 54 08 ;Cocody Danga, à côté Nid de Cocody ;Abidjan;Cocody;COCODY CENTRE ;5.3432692,4.0040499
173;Pharmacie Saint Jean ;22 44 62 49 ;Bd Latrille, face à la Cité rouge ;Abidjan;Cocody;COCODY CENTRE ;5.3372763,4.0037081
174;Pharmacie Sainte Marie ;22 48 69 20 ;Près de la maison du PDCI ;Abidjan;Cocody;COCODY CENTRE ;5.35584185,3.9938357
175;Pharmacie de la Corniche ;22 48 73 40 ;Echangeur de l'Indénié ;Abidjan;Cocody;CANEBIERE ET LYCEE TECHNIQUE ;5.34155685,4.01957785
176;Pharmacie du Lycée technique ;22 44 60 77 ;Sur la montée du Lycée technique ;Abidjan;Cocody;CANEBIERE ET LYCEE TECHNIQUE ;5.3444762,4.0111675
177;Pharmacie du Palm Club ;22 44 20 90 ;Hotel Palm Club Route du Lycée technique ;Abidjan;Cocody;CANEBIERE ET LYCEE TECHNIQUE ;5.3527268,4.0027024
178;Pharmacie Andy ;22 43 25 80 ;Riviera Golf, carrefour du Leader Price ;Abidjan;Cocody;Riviera 1 et Riviera 2 ;5.3394623,3.9750336
179;Pharmacie Bel Epine ;22 43 34 31 ;Jardins de la Riviera, face à la petite mosquée ;Abidjan;Cocody;Riviera 1 et Riviera 2 ;5.35451325,3.9741186
180;Pharmacie de la Riviera ;22 43 28 44 ;Grand carrefour de la Riviéra II ;Abidjan;Cocody;Riviera 1 et Riviera 2 ;5.35075635,3.9652005
181;Pharmacie du Golf ;22 43 14 31 ;Centre commercial du Golf ;Abidjan;Cocody;Riviera 1 et Riviera 2 ;5.3392177,3.9778004
182;Pharmacie les Elias ;22 43 28 85 ;Riviera Golf, face terrain de sports ;Abidjan;Cocody;Riviera 1 et Riviera 2 ;5.3446897,3.9780551
183;Pharmacie Notre Dame des Grâces ;22 43 61 96 ;Près de la petite Mosquée de la Riviera ;Abidjan;Cocody;Riviera 1 et Riviera 2 ;5.3654755,3.691001
184;Pharmacie Saint Athanase ;22 43 55 87 ;Riviéra Anono ;Abidjan;Cocody;Riviera 1 et Riviera 2 ;5.3479163,3.9756728
185;Pharmacie Saint Pierre d'Anono ;22 43 90 56 ;Riviéra Anono ;Abidjan;Cocody;Riviera 1 et Riviera 2 ;5.3459851,3.9747615
186;Pharmacie de Bonoumin ;;Sur le trajet reliant Attoban à Bonoumin ;Abidjan;Cocody;Riviera Bonoumin et Attoban ;5.3610378,3.9712324
187;Pharmacie Saint Ange ;05 03 56 56 ;Riviéra Attoban, derrière le Collège André Malraux ;Abidjan;Cocody;Riviera Bonoumin et Attoban ;5.3571829,3.978292
188;Pharmacie Saint Bernard ;22 43 65 46 ;Riviéra Attoban près de la Cipharm ;Abidjan;Cocody;Riviera Bonoumin et Attoban ;5.367207,3.979402
189;Pharmacie Saint Côme et Damien ;22 49 22 49 ;Riviéra Bonoumin Lauriers 6 ;Abidjan;Cocody;Riviera Bonoumin et Attoban ;5.3723566,3.9707695
190;Pharmacie de la Riviera III ;22 47 60 06 ;Riviéra III, face au Lycée américain ;Abidjan;Cocody;Riviera 3 et Mpouto ;5.3484297,3.9536611
191;Pharmacie de M'Pouto ;22 43 12 73 ;Riviéra M'Pouto, CIAD PROMO ;Abidjan;Cocody;Riviera 3 et Mpouto ;5.3288473,3.9489233
192;Pharmacie Saint Pierre des Rosées ;22 47 42 17 ;Riviéra Allabra, face Clinique Panthéon médical ;Abidjan;Cocody;Riviera 3 et Mpouto ;5.3537171,3.9579075
193;Pharmacie Sainte Famille ;22 47 76 76 ;Riviéra Allabra, face Cap Nord ;Abidjan;Cocody;Riviera 3 et Mpouto ;5.3555345,3.967422
194;Pharmacie du Bonheur ;22 47 10 70 ;Riviera Palmeraie, après grand Rond Point ;Abidjan;Cocody;Riviera Palmeraie ;5.3694459,3.9591553
195;Pharmacie les Rosiers ;22 49 21 67 ;Palmeraie, Rond point Ecole Kouadio Assahouré ;Abidjan;Cocody;Riviera Palmeraie ;5.3704757,3.96597195
196;Pharmacie Marie Esther ;07 61 85 26 ;Rosiers 4, route de Saint Viateur ;Abidjan;Cocody;Riviera Palmeraie ;5.3762111,3.960439
197;Pharmacie Marthe Robin ;22 45 03 24 ;Route du collège St Viateur, face Cité SIPIM 3 ;Abidjan;Cocody;Riviera Palmeraie ;5.3746284,3.9558566
198;Pharmacie Mont Carmel ;22 50 07 58 ;Palmeraie, juste avant Hotel Belle Côte ;Abidjan;Cocody;Riviera Palmeraie ;5.3856862,3.9688517
199;Pharmacie Notre Dame de l'Incarnation ;08 34 04 14 ;Près du Centre de santé communautaire ;Abidjan;Cocody;Riviera Palmeraie ;5.3640857,3.9630558
200;Pharmacie Notre Dame du Refuge ;22 47 50 59 ;Bd Mittrand, après Carrefour de la Palmeraie ;Abidjan;Cocody;Riviera Palmeraie ;5.3639534,3.9522967
201;Pharmacie Palmeraie ;22 47 91 19 ;Entrée de la riviéra Palmeraie ;Abidjan;Cocody;Riviera Palmeraie ;5.36962805,3.9600628
202;Pharmacie Rue Ministre ;22 49 51 77 ;Rue Ministre, carrefour Agitel ;Abidjan;Cocody;Riviera Palmeraie ;5.3652358,3.95788
203;Pharmacie Saint Joseph de Palmeraie ;22 49 39 26 ;Rue Ministre, près terrain de sport ;Abidjan;Cocody;Riviera Palmeraie ;5.3744631,3.9527345
204;Pharmacie Saint Paul ;22 49 29 01 ;Riviéra palmeraie, cité presse ;Abidjan;Cocody;Riviera Palmeraie ;5.371705,3.965263
205;Pharmacie Saint Raphael Archange ;24 00 28 79 ;Riviéra Palmeraie, Rue ministres ;Abidjan;Cocody;Riviera Palmeraie ;5.3694374,3.9555073
206;Pharmacie Sainte Béatrice des Rosiers ;22 47 01 72 ;Palmeraie, sur Montée Programme 1 des Rosiers ;Abidjan;Cocody;Riviera Palmeraie ;5.3736677,3.9618671
207;Pharmacie Sainte Marie des Béatitudes ;22 49 11 49 ;Palmeraie, carrefour Quick market ;Abidjan;Cocody;Riviera Palmeraie ;5.3766655,3.9629944
208;Pharmacie Val de Grâce ;22 49 93 44 ;Près du Collège Les Figuiers ;Abidjan;Cocody;Riviera Palmeraie ;5.380196,3.967431
209;Pharmacie CYD Niko ;22 47 69 27 ;Bd Mitterand, après carrefour de Faya ;Abidjan;Cocody;Riviera Faya ;5.3710129,3.934469
210;Pharmacie Eau Vive ;02 50 30 25 ;Route d'Abatta, près du supermarché ;Abidjan;Cocody;Riviera Faya ;5.3587696,3.9250303
211;Pharmacie Ephrata ;05 37 78 19 ;Mission Ephrata, près de la Cité SIR ;Abidjan;Cocody;Riviera Faya ;5.3827878,3.932055
212;Pharmacie Les Catleyas ;22 47 07 79 ;Bd Mitterand, carrefour Abata ;Abidjan;Cocody;Riviera Faya ;5.3724521,3.9287154
213;Pharmacie Livie ;22 47 48 78 ;Akouedo village, gare des woro-woros ;Abidjan;Cocody;Riviera Faya ;5.353574,3.94078
214;Pharmacie 2 plateaux - Agban ;22 41 39 90 ;Près de l'hopital des impôts ;Abidjan;Cocody;Deux Plateaux ;5.366239,4.0070279
215;Pharmacie Arc en Ciel ;22 41 20 67 ;2 plateaux, Rue des Jardins ;Abidjan;Cocody;Deux Plateaux ;5.374167,3.9906271
216;Pharmacie Aurore ;22 41 18 08 ;Vallons, près de la Clinique AMI ;Abidjan;Cocody;Deux Plateaux ;5.3615181,3.9911448
217;Pharmacie des 2 plateaux ;22 41 36 04 ;Bd Latrille, entre station Oil Lybia et SOCOCE ;Abidjan;Cocody;Deux Plateaux ;5.3705396,3.9977434
218;Pharmacie des grâces ;22 41 24 27 ;Sur le trajet entre 2 plateaux et Williamsville ;Abidjan;Cocody;Deux Plateaux ;5.3682209,4.0068805
219;Pharmacie des Grâces ;22 41 24 27 ;Derrière Agban Gendarmerie, sur descente 2 plteaux ;Abidjan;Cocody;Deux Plateaux ;5.3682209,4.0068805
220;Pharmacie des Jardins ;22 41 17 70 ;Rue des jardins aux 2 plateaux ;Abidjan;Cocody;Deux Plateaux ;5.3584646,3.9899565
221;Pharmacie Divin Amour ;22 41 93 38 ;Bd Latrille, carrefour Macaci ;Abidjan;Cocody;Deux Plateaux ;5.3656367,3.9973192
222;Pharmacie du Vallon ;22 41 35 14 ;Centre commercial du Vallon ;Abidjan;Cocody;Deux Plateaux ;5.37030105,3.9913252
223;Pharmacie Espace Santé ;22 41 21 03 ;Bd Latrille Carrefour Duncan ;Abidjan;Cocody;Deux Plateaux ;5.3777764,3.9977072
224;Pharmacie Las Palmas ;22 42 14 79 ;Carrefour Las Palmas Aghien ;Abidjan;Cocody;Deux Plateaux ;5.3806834,3.9947457
225;Pharmacie Latrille ;22 41 03 68 ;Boulevard Latrille, face à l'ENA ;Abidjan;Cocody;Deux Plateaux ;5.3620305,3.9976813
226;Pharmacie Les Halles ;22 41 92 94 ;Dans la Galerie du Supermarché SOCOCE ;Abidjan;Cocody;Deux Plateaux ;5.3731513,3.9991988
227;Pharmacie Notre Dame de la Visitation ;22 41 26 08 ;Face Commissariat du 12è arr. des 2 plateaux ;Abidjan;Cocody;Deux Plateaux ;5.3741158,3.9926783
228;Pharmacie Saint Gil ;22 41 94 10 ;Rue des Jardins, face station Corlay ;Abidjan;Cocody;Deux Plateaux ;5.35581,3.9919125
229;Pharmacie Saint Joseph ;22 41 10 20 ;Rue des Jardins, face à la Clinique Les Bleuets ;Abidjan;Cocody;Deux Plateaux ;5.3705738,3.9711551
230;Pharmacie Sainte Trinité ;22 41 68 88 ;2 plateaux, route de AGBAN, à 200m station Oil Lybia ;Abidjan;Cocody;Deux Plateaux ;5.3685722,4.0002689
231;Pharmacie de la 7ème tranche ;22 52 56 83 ;2 plateaux, 7ème tranche ;Abidjan;Cocody;7è tranche ;5.39661435,3.9877643
232;Pharmacie des 7 Lys ;22 42 27 20 ;II plateaux, 7ème tranche, feu de la station Lubafrique ;Abidjan;Cocody;7è tranche ;5.384194,3.987793
233;Pharmacie des Lauréades ;22 42 48 10 ;II plateaux, 7ème tranche, ;Abidjan;Cocody;7è tranche ;5.3975561,3.9862187
234;Pharmacie Dunia ;22 52 99 99 ;Carrefour Attoban et route venant de Rue des Jardins ;Abidjan;Cocody;7è tranche ;5.374488,3.9847565
235;Pharmacie Les Tulipes ;22 42 50 17 ;Bd Latrille, face à la mosquée de Aghien ;Abidjan;Cocody;7è tranche ;5.3828755,3.9931998
236;Pharmacie Santé de vie ;22 42 05 22 ;2 pltx les Perles, fin de la rue principale Cité Sanon ;Abidjan;Cocody;7è tranche ;5.3873349,3.9976798
237;Pharmacie Bel Horizon ;22 52 24 19 ;Cocody Angré, juste après Pétro Ivoire à gauche ;Abidjan;Cocody;Angré et Mahou ;5.4058264,3.9907864
238;Pharmacie Château d'eau d'Angré ;22 51 07 49 ;Angré Château, après centre commercial Proprix ;Abidjan;Cocody;Angré et Mahou ;5.3835511,4.00514555
239;Pharmacie des Allées ;22 42 14 58 ;Cocody Angré, Caféiers 7 ;Abidjan;Cocody;Angré et Mahou ;5.4090347,3.987024
240;Pharmacie Fandasso ;21 00 18 16 ;Cité Fandasso, ;Abidjan;Cocody;Angré et Mahou ;5.4115967,3.9863191
241;Pharmacie Luminance K ;22 50 49 26 ;Vers Marché de Angré et du Centre communautaire ;Abidjan;Cocody;Angré et Mahou ;5.407587,3.9836705
242;Pharmacie Notre Dame de Fatima ;24 39 59 12 ;Plateau Dokui, carrefour Paroisse Sainte Monique ;Abidjan;Cocody;Angré et Mahou ;5.3996415,4.0015583
243;Pharmacie Sainte Harmony ;22 52 39 97 ;Cocody Angré, La Djibi ;Abidjan;Cocody;Angré et Mahou ;5.4030822,3.9809979
244;Pharmacie Analya ;47 48 54 85 ;Sortie du pont de Angré, coté 8è tranche. ;Abidjan;Cocody;La Djibi, 8ème tranche et 9ème tranche ;5.4027516,3.9612847
245;Pharmacie de la 8è tranche ;22 52 34 90 ;Angré 8ème tranche, résidence Soleil I ;Abidjan;Cocody;La Djibi, 8ème tranche et 9ème tranche ;5.3960552,3.9822024
246;Pharmacie de la Djibi ;22 52 23 76 ;La DJIBI, à gauche, devant le marché ;Abidjan;Cocody;La Djibi, 8ème tranche et 9ème tranche ;5.4054049,3.9806082
247;Pharmacie du Bien Etre ;22 50 25 34 ;Résidence Soleil III Angré 8ème tranche ;Abidjan;Cocody;La Djibi, 8ème tranche et 9ème tranche ;5.3910679,3.9759451
248;Pharmacie Hermès ;22 50 10 32 ;9ème tranche, près de la CNPS Star 12 ;Abidjan;Cocody;La Djibi, 8ème tranche et 9ème tranche ;5.3852862,3.973981
249;Pharmacie Les Arcades ;22 50 62 25 ;La Djibi, opération Les Arcades, Terminus du 305 ;Abidjan;Cocody;La Djibi, 8ème tranche et 9ème tranche ;5.4033617,3.9762917
250;Pharmacie Les Arums ;22 52 74 08 ;9è tranche, sur route menant à la Riviéra Palmeraie ;Abidjan;Cocody;La Djibi, 8ème tranche et 9ème tranche ;5.3955753,3.97702
251;Pharmacie Assonvon ;23 45 44 55 ;A côté de l'Hotel Assonvon ;Abidjan;Yopougon;Zone Est;5.3325878,4.0679811
252;Pharmacie Baïty ;23 51 77 98 ;Entre BAE et Escadron de gendarmerie ;Abidjan;Yopougon;Zone Est;5.3272621,4.0554827
253;Pharmacie Belle Fontaine ;23 51 50 55 ;Yop SICOGI, prolongement patisserie du marché ;Abidjan;Yopougon;Zone Est;5.34211335,4.0694886
254;Pharmacie Beraca ;23 45 06 52 ;Petit Toit rouge, carrefour Chapouli ;Abidjan;Yopougon;Zone Est;5.3184517,4.064783
255;Pharmacie Camp militaire ;23 51 65 10 ;Petit toit rouge, face CNPS ;Abidjan;Yopougon;Zone Est;5.3208646,4.0659823
256;Pharmacie Carrefour Koweit ;23 45 84 07 ;Quartier Koweit ;Abidjan;Yopougon;Zone Est;5.3221097,4.0546469
257;Pharmacie Chigata ;;Yopougon Koweit, à 100m carrefour des pompiers ;Abidjan;Yopougon;Zone Est;5.3271203,4.0601677
258;Pharmacie de la Cité ;23 45 87 32 ;Face Sapeurs Pompiers, sens BAE ;Abidjan;Yopougon;Zone Est;5.3816867,4.0564238
259;Pharmacie de la Mairie ;23 52 43 06 ;Selmer, face maquis Tantie Margot ;Abidjan;Yopougon;Zone Est;5.3422675,4.0459937
260;Pharmacie du Carmel ;23 53 16 32 ;Carrefour Kouté, Eglise Saint Laurent ;Abidjan;Yopougon;Zone Est;5.3856862,3.9688517
261;Pharmacie du Cinéma Boissy ;23 45 65 59 ;Toits Rouges, près du 19 arrondissement ;Abidjan;Yopougon;Zone Est;5.3272674,4.0510373
262;Pharmacie du Lavage ;23 50 25 40 ;Voie du quartier Selmer, près du bloc célibataire ;Abidjan;Yopougon;Zone Est;5.3406502,4.0724183
263;Pharmacie Eden ;23 53 12 15 ;Toit-rouge carrefour AWA ;Abidjan;Yopougon;Zone Est;5.3227651,4.0497521
264;Pharmacie Keneya ;23 45 44 65 ;Carrefour Keneya, sur la grande voie du 1er pont ;Abidjan;Yopougon;Zone Est;5.346827,4.0730963
265;Pharmacie Kouté ;23 45 39 39 ;Yopougon Kouté ;Abidjan;Yopougon;Zone Est;5.3304264,4.0740153
266;Pharmacie Laoulo ;23 46 57 98 ;Nouveau quartier, voie express, face Clinique Les Oliviers ;Abidjan;Yopougon;Zone Est;5.3331908,4.0624513
267;Pharmacie Les Béatitudes ;23 52 27 47 ;Yopougon, nouveau quartier ;Abidjan;Yopougon;Zone Est;5.3405353,4.0587961
268;Pharmacie Les Oliviers ;23 45 09 62 ;Carrefour Institut des aveugles, près Agence Green ;Abidjan;Yopougon;Zone Est;5.353221,4.0640428
269;Pharmacie Mokla ;23 45 00 15 ;Toits rouges, Carrefour Jean-Paul 2, coté école Belle Marise ;Abidjan;Yopougon;Zone Est;5.3309718,4.0455366
270;Pharmacie Nankoko ;23 45 24 80 ;Yopugon camp militaire ;Abidjan;Yopougon;Zone Est;5.3281127,4.0634736
271;Pharmacie Nouveau Quartier ;23 45 00 85 ;Yopougon Nouveau quartier 50m après le stade. ;Abidjan;Yopougon;Zone Est;5.33472225,4.0775805
272;Pharmacie Nouvelle Gabriel Gare ;23 50 50 23 ;Près de Gabriel gare ;Abidjan;Yopougon;Zone Est;5.3553159,4.0714216
273;Pharmacie Saint André ;23 46 58 77 ;Carrefour Saint André en allant PMI de Yopougon ;Abidjan;Yopougon;Zone Est;5.3423785,4.0748258
274;Pharmacie Saint Laurent ;23 50 48 79 ;Yopougon Camp militaire près du Centre Chapouli ;Abidjan;Yopougon;Zone Est;5.3198108,4.061535
275;Pharmacie Sainte Rita ;23 45 28 77 ;Carrefour sables ;Abidjan;Yopougon;Zone Est;5.3274326,4.0965003
276;Pharmacie Segaï ;23 52 21 10 ;A côté FSU Wassakara ;Abidjan;Yopougon;Zone Est;5.3521198,4.0676648
277;Pharmacie Selmer ;23 46 11 63 ;Yop Selmer, Carrefour Baron à 100m de la Mairie ;Abidjan;Yopougon;Zone Est;5.3436195,4.0685946
278;Pharmacie Sideci extension ;;Carrefour Mandjo, avant Pont Sideci ;Abidjan;Yopougon;Zone Est;5.323667,4.0832877
279;Pharmacie Siporex ;23 45 29 03 ;Carrefour SIPOREX, au 2è pont ;Abidjan;Yopougon;Zone Est;5.3555379,4.0744102
280;Pharmacie Tizra ;23 50 04 07 ;Yopougon Toits rouges ;Abidjan;Yopougon;Zone Est;5.3299116,4.0501195
281;Pharmacie Toits Rouges ;23 45 16 93 ;Yopougon Toit Rouge ;Abidjan;Yopougon;Zone Est;5.32994875,4.05255205
282;Pharmacie Wassakara ;23 45 08 14 ;Rue Princesse, près de la Cité SIB ;Abidjan;Yopougon;Zone Est;5.3465314,4.0682846
283;Pharmacie William Ponty ;23 50 86 11 ;Carrefour du collège W. Ponty ;Abidjan;Yopougon;Zone Est;5.3435931,4.072763
284;Pharmacie Akadjoba ;;Feu après le Palais de justice ;Abidjan;Yopougon;Zone Centre;5.3245128,4.0807856
285;Pharmacie Artemia ;23 52 38 54 ;En face du Palais de justice ;Abidjan;Yopougon;Zone Centre;5.326562,4.0771937
286;Pharmacie Celia ;23 45 92 34 ;Banco, route du CHU ;Abidjan;Yopougon;Zone Centre;5.3552749,4.0815211
287;Pharmacie De l'Antenne ;23 50 15 27 ;Yopougon, face Côte d'Ivoire Télécom ;Abidjan;Yopougon;Zone Centre;5.3341388,4.0731664
288;Pharmacie de Sion ;59 97 73 72 ;Yopougon SIDECI, terminus 42 ;Abidjan;Yopougon;Zone Centre;5.3190097,4.0797378
289;Pharmacie des 3 ponts ;23 45 43 70 ;Yopougon Sogefia, face PMI de Yopougon Attié ;Abidjan;Yopougon;Zone Centre;5.342455,4.0801988
290;Pharmacie Divine Grâce ;23 46 79 17 ;Yopougon CHU Entréé Port Bouet II ;Abidjan;Yopougon;Zone Centre;5.3555309,4.0867746
291;Pharmacie du Cénacle ;23 52 23 23 ;Sortie 3ème pont, près du CHU Yopougon ;Abidjan;Yopougon;Zone Centre;5.359576,4.0854469
292;Pharmacie La Maison Blanche ;23 51 47 46 ;Axe Phcie Keneya à Port Bouet 2, face station Royal ;Abidjan;Yopougon;Zone Centre;5.3474889,4.0827505
293;Pharmacie Nissi ;23 53 02 06 ;Yopougon sopim, à côté du marché du grpt foncier ;Abidjan;Yopougon;Zone Centre;5.3778846,3.9126764
294;Pharmacie Nouvelle Phénix ;23 45 22 00 ;Port Bouet II, carrefour Allocodrome ;Abidjan;Yopougon;Zone Centre;5.3477346,4.0792005
295;Pharmacie Nouvelle Wakouboué ;23 45 31 89 ;Angle Marché SICOGI, face au Lavage ;Abidjan;Yopougon;Zone Centre;5.3398129,4.0736553
296;Pharmacie Port Bouet 2 ;23 46 69 53 ;Carrefour de Port Bouet II ;Abidjan;Yopougon;Zone Centre;5.3471441,4.0876168
297;Pharmacie Roxanne ;23 45 70 75 ;Quartier CIE, derrière Clinique Grand Centre ;Abidjan;Yopougon;Zone Centre;5.3394513,4.0893512
298;Pharmacie Saint André ;23 46 58 77 ;Yopougon SICOGI, près de Cathédrale St André ;Abidjan;Yopougon;Zone Centre;5.3423785,4.0748258
299;Pharmacie Saint Christophe ;22 42 55 62 ;Station Petro Ivoire à gauche ;Abidjan;Yopougon;Zone Centre;5.4046916,3.9937239
300;Pharmacie Saint Clément ;23 46 62 36 ;Face au CHU de Yopougon ;Abidjan;Yopougon;Zone Centre;5.3568976,4.0724287
301;Pharmacie Saint Martin ;23 51 96 46 ;Yopougon, quartier SIDECI ;Abidjan;Yopougon;Zone Centre;5.3216826,4.0802034
302;Pharmacie Saint Raphael ;02 03 65 84 ;Près de la Clinique Sainte Rita ;Abidjan;Yopougon;Zone Centre;5.3413911,4.087599
303;Pharmacie Sainte Aude ;23 52 28 87 ;Banco 2, nouveau goudron, face marché gouro ;Abidjan;Yopougon;Zone Centre;5.3554713,4.0774723
304;Pharmacie Shalom ;23 53 08 73 ;Yop SOGEPHIA, pont vagabond, derrière la PMI ;Abidjan;Yopougon;Zone Centre;5.3394343,4.0797338
305;Pharmacie Scheckina ;23 52 11 31 ;Siporex, rue du Marché Gouro ;Abidjan;Yopougon;Zone Centre;5.3526401,4.0763787
306;Pharmacie Tereza ;23 50 88 56 ;Yopougon SICOGI ;Abidjan;Yopougon;Zone Centre;5.3366955,4.0839009
307;Pharmacie Valors ;23 51 80 41 ;Nouveau marché Port Bouet II ;Abidjan;Yopougon;Zone Centre;5.3471553,4.0939321
308;Pharmacie Alicia ;23 45 11 52 ;Yopougon ananeraie, route de Dabou ;Abidjan;Yopougon;Zone Ouest;5.3515939,4.1035669
309;Pharmacie Ananeraie ;23 50 87 32 ;Yopougon ananeraie ;Abidjan;Yopougon;Zone Ouest;5.3546764,4.0999601
310;Pharmacie Bethesda ;02 50 15 17 ;Yop Ananeraie, entre la Coopec et l'école Guchanrolain ;Abidjan;Yopougon;Zone Ouest;5.3488757,4.0954706
311;Pharmacie Beyniouah ;23 46 01 02 ;Niangon sud, ;Abidjan;Yopougon;Zone Ouest;5.322005,4.0933063
312;Pharmacie Che N'Talé ;23 52 62 03 ;Yopougon ananeraie, carrefour Guichanrolain ;Abidjan;Yopougon;Zone Ouest;5.3510265,4.0968284
313;Pharmacie Cité Maroc ;23 51 87 58 ;Yopougon Quartier Maroc ;Abidjan;Yopougon;Zone Ouest;5.3398909,4.1005611
314;Pharmacie d'Andokoi ;23 50 95 02 ;Yopougon Andokoi, face au Lycée municipal ;Abidjan;Yopougon;Zone Ouest;5.3623049,4.0670996
315;Pharmacie D'Attinguié ;23 47 43 30 ;;Abidjan;Yopougon;Zone Ouest;5.39827215,4.12220485
316;Pharmacie de Gesco ;23 46 99 58 ;Route de Dabou, face au marché de la GESCO ;Abidjan;Yopougon;Zone Ouest;5.3631144,4.0976473
317;Pharmacie de l'Autoroute ;23 52 61 75 ;Gesco, Terminus 34, près Brigade auto routière ;Abidjan;Yopougon;Zone Ouest;5.3430931,4.0093957
318;Pharmacie de l'Horeb ;23 51 88 89 ;Yop Sideci Lem, carrefour SGBCI, face 1er lavage ;Abidjan;Yopougon;Zone Ouest;5.3296883,4.0819027
319;Pharmacie du Carrefour Boby ;23 52 16 39 ;Niangon, base CIE ;Abidjan;Yopougon;Zone Ouest;5.3317872,4.09088405
320;Pharmacie du Jubilé ;01 05 26 10 ;Route de Dabou, face marché Bagnon ;Abidjan;Yopougon;Zone Ouest;5.3727853,4.0481772
321;Pharmacie du Progrès ;23 46 59 02 ;Yopougon Maroc, à 50m de Ivoire Oil ;Abidjan;Yopougon;Zone Ouest;5.3468494,4.0993434
322;Pharmacie ELKANAH ;23 50 88 19 ;A 100m de Grand Centre, sur l'axe de la Phcie St Hermann ;Abidjan;Yopougon;Zone Ouest;5.335359,4.0878327
323;Pharmacie Esther ;23 46 39 36 ;Niangon sud, à droite, près clinique la Rose ;Abidjan;Yopougon;Zone Ouest;5.3260264,4.1058797
324;Pharmacie Gnimah ;23 46 54 89 ;Port Bouet 2, près de l'ancienne gare, 2è arrèt du bus 39 ;Abidjan;Yopougon;Zone Ouest;5.3519204,4.0876108
325;Pharmacie Jean-Pierre ;23 46 30 03 ;Yopougon Niangon Sud à droite, Terminus 39 ;Abidjan;Yopougon;Zone Ouest;5.3221261,4.1034565
326;Pharmacie La Délivrance ;23 51 13 79 ;Zone industrielle de Yopougon ;Abidjan;Yopougon;Zone Ouest;5.3436008,4.0861935
327;Pharmacie Lagoma ;23 52 70 70 ;Niangon Académie ;Abidjan;Yopougon;Zone Ouest;5.3236897,4.108764
328;Pharmacie Le Jourdain ;23 46 06 33 ;Niangon nord, route de Cité verte ;Abidjan;Yopougon;Zone Ouest;5.3314981,4.1081748
329;Pharmacie Le Lotus ;23 45 06 66 ;Niangon Sud à gauche, Terminus Bus 27 ;Abidjan;Yopougon;Zone Ouest;5.3170826,4.0888528
330;Pharmacie Léa ;23 46 02 15 ;Yopougon Niangon ;Abidjan;Yopougon;Zone Ouest;5.3271044,4.0922051
331;Pharmacie Les Elysées ;23 46 84 85 ;Yopougon quartier Maroc ;Abidjan;Yopougon;Zone Ouest;5.3437604,4.0964314
332;Pharmacie Les Phalènes ;23 46 01 71 ;Niangon sud, près de la paroisse Saint Pierre ;Abidjan;Yopougon;Zone Ouest;5.3233439,4.0878166
333;Pharmacie Maty ;23 46 27 15 ;Près de Station Lubafrique du Maroc ;Abidjan;Yopougon;Zone Ouest;5.3326964,4.1035035
334;Pharmacie Niangon Lokoa ;23 45 07 80 ;Entrée du village Niangon Lokoa ;Abidjan;Yopougon;Zone Ouest;5.314679,4.0999854
335;Pharmacie Niangon Nord ;23 46 32 99 ;Yopougon Cité Verte ;Abidjan;Yopougon;Zone Ouest;5.3293124,4.1024611
336;Pharmacie Péniel ;23 45 42 82 ;Yopougon ananeraie, Rond Point Gesco ;Abidjan;Yopougon;Zone Ouest;5.3558394,4.0992951
337;Pharmacie Sainte Hermann ;23 50 72 77 ;Niangon Sud, carrefour Petro Ivoire ;Abidjan;Yopougon;Zone Ouest;5.3462412,4.0373963
338;Pharmacie Sainte Rita ;23 45 50 79 ;Niangon nord, près de la Paroisse Sainte Rita ;Abidjan;Yopougon;Zone Ouest;5.3274326,4.0965003
339;Pharmacie Sandrina ;23 46 47 64 ;Yopougon ananeraie, carrefour libanais ;Abidjan;Yopougon;Zone Ouest;5.3491829,4.0993478
340;Pharmacie Santé Plus ;23 52 58 66 ;Autoroute du Nord, avant Station Shell Corridor ;Abidjan;Yopougon;Zone Ouest;5.3668217,4.0999952
341;Pharmacie Siloé ;23 52 03 40 ;Yopougon ananeraie, à 200m du carrefour du CHU ;Abidjan;Yopougon;Zone Ouest;5.3548463,4.0946445
342;Pharmacie Zeulayet ;23 45 20 39 ;Face Mosquée du Maroc ;Abidjan;Yopougon;Zone Ouest;5.3400108,4.0975862
343;Pharmacie Zone Industrielle ;23 46 51 08 ;Zone industrielle, près de la BICICI ;Abidjan;Yopougon;Zone Ouest;5.38963975,4.11412675
344;Pharmacie Akwaba ;21 58 73 15 ;Dans le hall de l'aéroport ;Abidjan;Port Bouet;Port Bouet et Vridi ;5.2660156,3.90938265
345;Pharmacie Atlantique ;21 27 95 00 ;Port Bouet, Marché de nuit ;Abidjan;Port Bouet;Port Bouet et Vridi ;5.2547817,3.9640588
346;Pharmacie Balnéaire ;21 58 07 09 ;Face au 43ème Bima ;Abidjan;Port Bouet;Port Bouet et Vridi ;5.2561636,3.9574804
347;Pharmacie de la Baltique ;21 27 66 71 ;En face de l'abattoir ;Abidjan;Port Bouet;Port Bouet et Vridi ;5.2590817,3.969036
348;Pharmacie de l'Océan ;21 27 78 48 ;Quartier Sogephia Siporex ;Abidjan;Port Bouet;Port Bouet et Vridi ;5.2569482,3.9613116
349;Pharmacie de Port Bouet ;21 27 89 17 ;Près de la Mairie de Port Bouet ;Abidjan;Port Bouet;Port Bouet et Vridi ;5.2595186,3.9500178
350;Pharmacie des Entreprises ;21 27 17 32 ;Zone industrielle de Vridi, feu Premoto après SGBCI ;Abidjan;Port Bouet;Port Bouet et Vridi ;5.2667386,4.0025451
351;Pharmacie Djessou ;21 27 23 15 ;Port Bouet Vridi 3, près de l'EPP Vridi 3 (Zimbabwe) ;Abidjan;Port Bouet;Port Bouet et Vridi ;5.2622986,3.984016
352;Pharmacie du Phare ;21 27 73 73 ;Près du phare de Port Bouet ;Abidjan;Port Bouet;Port Bouet et Vridi ;5.2519612,3.9589472
353;Pharmacie Malon ;21 27 96 14 ;A côté Grande Mosquée de Port Bouet ;Abidjan;Port Bouet;Port Bouet et Vridi ;5.2600892,3.9608932
354;Pharmacie Vridi Palm Beach ;21 27 52 04 ;Vridi, Petit Bassam ;Abidjan;Port Bouet;Port Bouet et Vridi ;5.2584913,3.9820135
355;Pharmacie Vridi Village ;21 27 58 60 ;Carrefour de Vridi village, entre SIR et IRAN ;Abidjan;Port Bouet;Gonzagueville et Adjouffou ;5.2556052,3.9974571
356;Pharmacie du Wharf ;21 27 71 31 ;Adjouffou, près du dépôt SOTRA ;Abidjan;Port Bouet;Gonzagueville et Adjouffou ;5.2477551,3.9439939
357;Pharmacie Eloma ;21 58 60 28 ;Gonzagueville, carrefour Terre rouge ;Abidjan;Port Bouet;Gonzagueville et Adjouffou ;5.2401876,3.8997739
358;Pharmacie Koffi Kra ;58 00 73 24 ;Corridor de Gonzagueville, quartier Eléphant cocoteraie ;Abidjan;Port Bouet;Gonzagueville et Adjouffou ;5.2416149,3.8926682
359;Pharmacie Route de Bassam ;21 58 63 54 ;Adjouffou, carrefour Motard ;Abidjan;Port Bouet;Gonzagueville et Adjouffou ;5.24177,3.9102893
360;Pharmacie Saint Louis de Gonzag ;21 58 71 79 ;Face Lycée municipal ;Abidjan;Port Bouet;Gonzagueville et Adjouffou ;5.249956,3.8996144
361;Pharmacie Sainte Marie d'Adjouffou ;21 58 61 46 ;Port Bouet Adjouffou ;Abidjan;Port Bouet;Gonzagueville et Adjouffou ;5.2502047,3.92390565
362;Pharmacie Santé pour tous ;21 58 76 34 ;Rte Bassam, quartier Jean FOLLY, carrefour casier ;Abidjan;Port Bouet;Gonzagueville et Adjouffou ;5.2442818,3.9131136
363;Pharmacie Boulevard de la Paix ;20 22 20 34 ;Dérrière Hotel Sebroko, près station TOTAL ;Abidjan;Attecoube;;5.3597744,4.056692
364;Pharmacie D'Agban ;20 37 22 30 ;Carrefour Cité Fairamont - Attecoubé ;Abidjan;Attecoube;;5.3584037,4.0305805
365;Pharmacie d'Attiécoubé ;20 38 07 74 ;Tout juste derrière la Station KLENZY d'Attecoube ;Abidjan;Attecoube;;5.3508779,4.0317662
366;Pharmacie Saint Etienne ;23 52 44 44 ;Abobo Doumé, face au marché de poissons. ;Abidjan;Attecoube;;5.309435,4.0376794
367;Pharmacie Fatima ;20 38 29 10 ;Attécoubé, carrefour du Pont ;Abidjan;Attecoube;;5.3470904,4.0383014
368;Pharmacie Sebroko sarl ;20 37 67 48 ;Près du grand marché d'Attiécoubé ;Abidjan;Attecoube;;5.3496033,4.0347222
369;Pharmacie An Nasr ;23 55 98 22 ;;Abidjan;Anyama;;5.503305,4.0524003
370;Pharmacie Carrefour Ancienne Gendarmerie ;23 55 64 26 ;Immeuble de l'Ancienne Gendarmerie ;Abidjan;Anyama;;5.46161295,4.0533125
371;Pharmacie du Château ;23 55 93 99 ;Route principale, non loin de la SODECI ;Abidjan;Anyama;;5.4894096,4.0517218
372;Pharmacie du Marché d'Anyama ;23 55 82 30 ;Au marché, près de la Banque Atlantique et la Poste ;Abidjan;Anyama;;5.495467,4.0519765
373;Pharmacie Eliel ;;;Abidjan;Anyama;;5.480125,4.0526398
374;Pharmacie Route d'Anyama ;23 55 82 40 ;Entrée d'Abobo, après ADM Cocoa ;Abidjan;Anyama;;5.488565,4.05159505
375;Pharmacie Akré Albert Assamoi ;57 13 68 36 ;Nouvelle gare routière ;Abidjan;Bingerville;;5.3532664,3.8775258
376;Pharmacie Carrefour Santé ;22 40 34 37 ;Carrefour Akouai, face station Corlay ;Abidjan;Bingerville;;5.3615904,3.894258
377;Pharmacie du Marché de Bingerville ;22 40 34 64 ;Ancienne gare, face à la COOPEC Bingerville ;Abidjan;Bingerville;;5.3565945,3.8830068
378;Pharmacie Charbel ;35 91 27 37 ;Quartier Cafetou ;Abengourou;;;6.7224597,3.4948841
379;Pharmacie de l'Indénié ;35 91 36 04 ;Face Grande mosquée, sur la voie principale ;Abengourou;;;6.7274919,3.4959054
380;Pharmacie du Carrefour ;35 91 35 05 ;Carrefour du Château, face à l'agence Moov ;Abengourou;;;6.7265721,3.4982741
381;Pharmacie du Commerce ;07 65 39 85 ;Quartier Commerce, face à la CIE ;Abengourou;;;6.7306108,3.4897535
382;Pharmacie du Marché ;35 91 30 09 ;Face au Marché, près de l'agence MTN ;Abengourou;;;6.7146449,3.495369
383;Pharmacie Moya ;35 91 25 04 ;Après le gare GTI, Rue Princesse ;Abengourou;;;6.7285734,3.5060495
384;Pharmacie Providence ;35 90 09 00 ;Face Station PETROCI, sur axe Agnibilekro ;Abengourou;;;6.7417344,3.5057458
385;Pharmacie du Marché ;21 30 40 63 ;Face au marché. ;Aboisso;;;5.4668689,3.2066597
386;Pharmacie K. Boilot ;35 90 25 74 ;Face à la grande mosquée ;Agnibilekro ;;;7.1343186,3.2024757
387;Pharmacie du Massan ;23 54 00 54 ;Rue du commerce, face African Petroléum ;Adzope;;;6.0978262,3.8604914
388;Pharmacie Saint Laurent ;23 54 01 34 ;Entre Hôpital général et le commissariat ;Adzope;;;6.1050622,3.8613574
389;Pharmacie de l'Agnéby ;23 54 71 47 ;Rond point de l'Agnéby, entrée de la ville ;Agboville ;;;5.9309774,4.214253
390;Pharmacie du Château ;23 54 87 21 ;Carrefour du Bonheur, Château ;Agboville ;;;5.9248272,4.2083377
391;Pharmacie Sini Keneya ;23 54 74 00 ;Rond point de Diuoulakro ;Agboville ;;;5.9323112,4.2213534
392;Pharmacie nouvelle Espoir ;33 79 80 58 ;;Biankouma ;;;7.7376491,7.6127229
393;Pharmacie de Bocanda ;31 97 81 78 ;31 97 81 78 ;Bocanda ;;;7.0667798,4.4958973
394;Pharmacie Nouvelle ;35 91 52 61 ;;Bondoukou ;;;8.0398006,2.7950906
395;Pharmacie de Bongouanou ;30 68 60 32 ;Face à l'Hôpital de Bongouanou ;Bongouanou ;;;6.65315025,4.2083527
396;Pharmacie de Sion ;30 68 61 40 ;En face du lac Sokoté ;Bongouanou ;;;6.6513489,4.2062227
397;Pharmacie de l'Orée ;21 30 08 37 ;Face Station Oil Lybia, après rond point ;Bonoua ;;;5.2711563,3.5951173
398;Pharmacie Eden ;21 31 02 07 ;Face Station Total ;Bonoua ;;;5.2692576,3.5970483
399;Pharmacie Saint Augustin ;30 68 91 83 ;;Bouafle ;;;7.9711856,3.37337175
400;Pharmacie Ayatha ;31 65 25 73 ;Air France 3 - Carrefour Boulangerie Sopim ;Bouake ;;;7.6623014,5.0181395
401;Pharmacie Cité Olympique ;31 63 04 11 ;Quartier Ahougnansou, face FIBAKO ;Bouake ;;;7.68095955,5.03491295
402;Pharmacie de la Place ;31 63 60 63 ;Quartier Commerce, face BICICI ;Bouake ;;;7.6813135,5.0300912
403;Pharmacie de Sokoura ;31 63 10 81 ;Quartier Sokoura ;Bouake ;;;7.6930155,5.0200413
404;Pharmacie du Commerce ;31 63 35 73 ;;Bouake ;;;7.6843123,5.0281441
405;Pharmacie Koko ;31 63 10 55 ;Quartier Koko, route du CHU ;Bouake ;;;7.6926932,5.0320253
406;Pharmacie moderne Kenedy ;31 63 86 52 ;;Bouake ;;;7.6878818,5.0111502
407;Pharmacie Nimbo ;31 63 20 12 ;18 logements de Bouaké ;Bouake ;;;7.6799817,5.0267466
408;Pharmacie Notre Dame de la Paix ;31 63 31 31 ;Face à la gare UTB ;Bouake ;;;7.6879666,5.0257423
409;Pharmacie nouvelle du Château ;31 63 33 01 ;;Bouake ;;;7.6840814,5.0495285
410;Pharmacie Saint Jean ;07 46 86 59 ;Quartier Ahougnansou, route du Château, près Eglise St Jean ;Bouake ;;;7.6847728,5.053092
411;Pharmacie Rehoboth ;31 63 47 10 ;Imm. Fanny, face au Nouveau Stade ;Bouake ;;;6.53973405,4.5472211
412;Pharmacie Sainte Hélène du marché ;31 65 40 56 ;Quartier Dougouba, entréé du marché de gros ;Bouake ;;;7.69458455,5.0348875
413;Pharmacie Sainte Marie de Ngattakro ;31 63 16 17 ;Route du Stade, face Eglise CEMA ;Bouake ;;;7.6827149,5.0366698
414;Pharmacie des Lagunes ;23 57 21 45 ;En face de la Mairie de Dabou ;Dabou ;;;5.3221906,4.3777754
415;Pharmacie du Marché ;23 57 45 03 ;Près du marché de Dabou ;Dabou ;;;5.3270781,4.3760448
416;Pharmacie de Toupah ;;A l'entrée du village de Toupah ;Dabou ;;;5.3330215,4.2922455
417;Pharmacie Aneaud ;32 78 28 28 ;Route de Man, carrefour de la vie ;Daloa ;;;6.8849985,6.4589538
418;Pharmacie Appaul ;32 78 35 78 ;Sur la route de Issia ;Daloa ;;;6.8835823,6.4470241
419;Pharmacie centrale ;32 78 22 43 ;;Daloa ;;;6.88232845,6.4543873
420;Pharmacie des Antilopes SARL ;32 78 80 40 ;;Daloa ;;;6.8595373,6.4346407
421;Pharmacie des garages ;32 78 71 87 ;Sur la route de Issia, avant usine CARGILL ;Daloa ;;;6.8635076,6.4451394
422;Pharmacie du commerce ;32 78 20 87 ;;Daloa ;;;5.3176557,4.0144485
423;Pharmacie du Grand marché ;32 78 35 35 ;Prolongement carrefour des grandes endémies ;Daloa ;;;6.8791876,6.456487
424;Pharmacie du Jubilé de Tazibouo ;32 78 52 52 ;Carrefour Boulangerie Julie ;Daloa ;;;6.8962937,6.4404844
425;Pharmacie du Parvis ;32 78 70 57 ;;Daloa ;;;6.8905803,6.4392571
426;Pharmacie du Progrès ;32 78 22 53 ;A côté de la grande mosquée ;Daloa ;;;6.88140135,6.4520791
427;Pharmacie Nouvelle Florel ;32 78 05 32 ;Carrefour du grand marché, gare des taxis ;Daloa ;;;6.8816965,6.4567366
428;Pharmacie Labia ;32 78 49 92 ;Carrefour Labia ;Daloa ;;;6.8752346,6.4448537
429;Pharmacie Lobia ;32 78 78 33 ;;Daloa ;;;6.8927337,6.4495996
430;Pharmacie Fatima ;32 76 33 99 ;Quartier libanais ;Divo ;;;5.8403048,5.355768
431;Pharmacie du dialogue ;32 76 31 77 ;Quartier Dialogue, sur voie principale ;Divo ;;;5.5716303,4.6584746
432;Pharmacie de la Grâce ;30 62 44 93 ;Quartier Commerce, face Hôtel Manvy ;Dimbokro ;;;6.6457585,4.7041948
433;Pharmacie de la Gare ;33 70 53 81 ;Gare de Duékoué ;Duekoue ;;;6.7469618,7.3486314
434;Pharmacie Divine Grâce ;33 70 21 23 ;Route de Guiglo, près de la mission catholique ;Duekoue ;;;5.3555309,4.0867746
435;Pharmacie Tchologo ;05 94 58 30 ;Route du Mali, face Gendarmerie nationale ;Ferkessedougou ;;;9.5999571,5.1930948
436;Pharmacie Ahouane ;32 77 82 35 ;Babré, juste après clinique Le Ghery ;Gagnoa ;;;6.1408315,5.9468299
438;Pharmacie Centrale ;31 77 24 62 ;Près du CHR deGagnoa ;Gagnoa ;;;6.1390175,5.9479101
439;Pharmacie du Château ;32 77 38 58 ;;Gagnoa ;;;6.1426036,5.9497648
440;Pharmacie du marché ;32 77 22 62 ;;Gagnoa ;;;6.1277191,5.944343
441;Pharmacie Lafia ;32 77 25 20 ;Quartier Dioulabougou, face petit marché ;Gagnoa ;;;6.138453,5.948292
442;Pharmacie Marlyns ;32 77 12 24 ;Face Collège CSK ;Gagnoa ;;;5.3812849,4.01123195
443;Pharmacie Principale ;32 77 23 16 ;;Gagnoa ;;;6.1390175,5.9479101
444;Pharmacie Saint François d'Assise ;32 77 77 93 ;;Gagnoa ;;;5.2951322,3.9599252
445;Pharmacie La Colombe ;21 30 38 52 ;En face du Cinéma Cong ;Abidjan;Grand Bassam ;;5.2113254,3.7378324
446;Pharmacie Le Réel ;21 30 33 47 ;A 100m du pont de Moossous ;Abidjan;Grand Bassam ;;5.2220563,3.7258723
447;Pharmacie Saint Amans ;21 30 11 35 ;;Abidjan;Grand Bassam ;;5.2084883,3.7346918
448;Pharmacie Wassia ;21 30 17 94 ;Près de la station corlay ;Abidjan;Grand Bassam ;;5.2082526,3.7393115
449;Pharmacie Yélé ;31 30 26 85 ;Route de l'ancienne CIE, près Hotel Keva ;Abidjan;Grand Bassam ;;5.215778,3.7405138
450;Pharmacie Nero ;34 72 46 79 ;Rue principale, face au marché ;Grand Bereby ;;;4.70149895,6.7833555
451;Pharmacie Divine Grâce ;33 70 21 79 ;Quartier résidentiel, route de Guiglo ;Guiglo ;;;5.3555309,4.0867746
452;Pharmacie Nikla ;33 70 53 81 ;A l'entrée de la ville, face petit marché ;Guiglo ;;;6.5473549,7.4894209
453;Pharmacie de Gonaté ;32 78 61 51 ;;Gonate ;;;6.9056711,6.2451747
454;Pharmacie moderne de Hiré ;30 68 50 09 ;;Hire ;;;6.18686605,5.29412395
455;Pharmacie nouvelle Espoir ;32 77 01 76 ;Face à Ecobank et près des impôts ;Issia ;;;6.4906609,6.588224
457;Pharmacie Notre Dame de la délivrance ;32 77 01 24 ;Face au sanctuaire marial ;Issia ;;;6.4883633,6.5785397
458;Pharmacie Kakoumani ;31 66 02 35 ;Centre commercial, face au commissariat ;Katiola ;;;8.1407609,5.0998787
459;Pharmacie de la Grande Mosquée ;36 86 06 40 ;;Korhogo ;;;9.4602055,5.6380506
460;Pharmacie du Marché ;36 86 39 07 ;;Korhogo ;;;9.4590461,5.63522575
461;Pharmacie Nassara ;36 86 32 64 ;;Korhogo ;;;9.4686453,5.6243674
462;Pharmacie Principale ;36 86 08 35 ;;Korhogo ;;;9.4565097,5.6322554
463;Pharmacie nouvelle de Nénié ;36 86 76 08 ;Face CIE et station Total, quartier Commerce ;Kouto ;;;9.8925246,6.4119899
464;Pharmacie de Lakota ;32 76 61 59 ;Quartier Commerce ;Lakota ;;;5.85446325,5.68091125
465;Pharmacie Nouvelle Marlodie ;32 76 61 11 ;;Lakota ;;;5.8594728,5.6773511
466;Pharmacie du Commerce ;33 79 04 27 ;;Man ;;;7.4072135,7.5519485
467;Pharmacie Khianelly ;33 79 36 82;Quartier Belleville, au pavé, route de Facobly ;Man ;;;5.338976,3.9805437
468;Pharmacie Lymanya ;33 79 03 69 ;;Man ;;;6.35569455,5.72046595
469;Pharmacie moderne de Man ;33 79 03 39 ;;Man ;;;7.4076862,7.561056
470;Pharmacie du N'Zi ;31 97 01 77 ;;M'Bahiakro ;;;7.4562293,4.3499295
471;Pharmacie des frontières ;33 70 86 81 ;;Odienne ;;;9.5056317,7.5665603
472;Pharmacie du Carrefour ;34 72 61 03 ;Carrefour du marché de Méagui ;Meagui ;;;5.299746,3.9895375
473;Pharmacie Moderne ;34 72 60 90 ;;Meagui ;;;5.4096729,6.5574046
474;Pharmacie Méagui ;34 72 65 18 ;Bd du marché, à 300m de l'hôpital ;Meagui ;;;6.42619105,6.0680147
475;Pharmacie Centrale ;30 68 41 78 ;;Oume ;;;6.37976265,5.40957575
476;Pharmacie de la Téné ;02 50 30 07 ;Quartier Zinta, carrefour UCAO ;Oume ;;;6.3853941,5.4094882
477;Pharmacie Catherine ;23 53 90 75 ;Sur l'axe central du village ;Samo ;;;5.3363127,4.0550293
478;Pharmacie Bardot 2000 ;34 71 33 91 ;Bardot, face maternité Henriette K. Bédié ;San Pedro ;;;4.7784103,6.6521028
479;Pharmacie de la Cité ;34 71 11 71 ;La Cité, juste à côté de la BICICI ;San Pedro ;;;4.7483824,6.6365566
480;Pharmacie Denise ;34 71 23 48 ;LA Cité, face à la BIAO ;San Pedro ;;;4.7464907,6.6343759
481;Pharmacie Do ;34 71 28 29 ;Situé à la gare, face Hotel de la Paix ;San Pedro ;;;4.7784309,6.648769
482;Pharmacie du Grand Marché ;34 71 55 55 ;;San Pedro ;;;4.7786624,6.6560261
483;Pharmacie du Lac ;34 71 15 69 ;Terminus du Lac ;San Pedro ;;;4.7408358,6.6437781
484;Pharmacie Les Béatitudes ;34 71 15 05 ;Face aux Grandes endémies, non loin du CHR ;San Pedro ;;;4.7457041,6.6391438
485;Pharmacie de Seweke ;40 58 14 82 ;Troute des grummiers, carrefour Iroko ;San Pedro ;;;4.765277,6.6443106
486;Pharmacie Madou ;34 71 15 51 ;A la gare, près de la station TEXACO ;San Pedro ;;;4.7757004,6.647494
487;Pharmacie Nabenou ;34 71 45 45 ;Face à la Poste de la Cité ;San Pedro ;;;4.7467271,6.6306245
488;Pharmacie Nitoro ;34 71 39 11 ;Quartier Lac, terminus taxis ;San Pedro ;;;4.7440862,6.6317346
489;Pharmacie Sainte Claudine ;34 71 44 35 ;A côté de la CNPS, en venat de la Cité ;San Pedro ;;;4.7756237,6.6497547
490;Pharmacie des Palmes ;46 30 44 57 ;;Sassandra ;;;4.9526401,6.0829947
491;Pharmacie Nouvelle de Séguéla ;32 74 05 91 ;;Seguela ;;;7.96007585,6.67396255
492;Pharmacie Nouvelle Kavoudro ;30 68 07 11 ;;Sinfra ;;;6.6233563,5.91257125
493;Pharmacie de l'Immaculée ;34 72 21 12 ;Marché de Soubré ;Soubre ;;;5.7840909,6.5936293
494;Pharmacie du Château ;34 73 59 96 ;Près du Château d'eau de la ville ;Soubre ;;;5.7915626,6.5901443
495;Pharmacie l'Emmanuel de Taabo ;09 91 52 77 ;;Taabo ;;;5.8047252,4.58594785
496;Pharmacie du Bas Cavally ;34 72 40 95 ;;Tabou ;;;4.4279197,7.3570576
497;Pharmacie Eliashib ;30 62 92 45 ;;Toumodi ;;;6.51443885,5.2770087
498;Pharmacie Mognan ;30 62 91 52 ;;Toumodi ;;;6.5562424,5.0179494
499;Pharmace moderne de Vavoua ;32 74 42 99 ;Près de l'Inspection de l'enseignement primaire ;Vavoua ;;;7.3841235,6.4805915
500;Pharmacie Agbassi ;30 64 04 12 ;Sur la grande voie, face au grand marché ;Yamoussoukro ;;;6.8199058,5.2789081
501;Pharmacie Azi ;30 64 26 86 ;;Yamoussoukro ;;;6.8141356,5.2704066
502;Pharmacie de la Fondation ;30 64 40 40 ;A 200m de la Fonfation Houphouet Boigny ;Yamoussoukro ;;;6.8028763,5.2674671
503;Pharmacie de la Mosquée ;30 64 05 33 ;Angle gauche de la grande mosquée ;Yamoussoukro ;;;6.8099719,5.2744681
504;Pharmacie des 220 logements ;30 64 22 05 ;Après la Bicici, à côté de la gare UTB ;Yamoussoukro ;;;6.8116015,5.2640058
505;Pharmacie des Lacs ;30 64 03 11 ;;Yamoussoukro ;;;6.8155977,5.2743387
506;Pharmacie Erginal ;30 64 62 21 ;;Yamoussoukro ;;;6.8246563,5.2710324
507;Pharmacie Le Bélier ;30 64 11 07 ;Qtier Habitat, face marché Légumes ;Yamoussoukro ;;;6.8226473,5.2767715
508;Pharmacie Mariel ;07 89 66 00 ;Dioulakro, carrefour Fondation FHB ;Yamoussoukro ;;;6.8013402,5.2676061
509;Pharmacie Notre Dame de Fatima ;30 64 56 89 ;Situé derrière centre commercial Mô Fêtai ;Yamoussoukro ;;;6.8096988,5.2648137
510;Pharmacie Sainte Famille ;08 85 16 16 ;Quartier SOPIM Kokrenou ;Yamoussoukro ;;;6.79329835,5.2695372